Value, Probability
1, 0
2, 0
3, 0.00462781
4, 0.0139027
5, 0.0277996
6, 0.0462772
7, 0.0694409
8, 0.0972206
9, 0.115742
10, 0.124945
11, 0.124983
12, 0.115743
13, 0.0972211
14, 0.0694451
15, 0.0462717
16, 0.0277408
17, 0.0138752
18, 0.00463815
